,"Page ID",Class,Abstract,ServiceType,TrajectID,Jaar,VlocaSessie,Draaiboek,Deliverable,Actoren,Organisatie,Organisaties,Standaard,Status,SmartCityDomein,SmartCityIndicator,Beleidsthema,Initiatief,InitiatiefLink,Website,VlocaTraject,SessieType,ArchitectuurComponent,ArchitectuurBouwlaag,TypeDeliverable,TypeNieuws,Datum,Tijd,Locatie,Versie
"3D referentie architectuur E-LSP",359,TermenConcepten,,,,,,,,,,,,,,,,,,,,,,,,,,,,
"3D tiles",292,Standaard,,,,,,,,,,,,,,,,,,,,,,,,,,,,
ABB,515,Organisatie,,,,,,,,,,,,,,,,,,Https://www.vlaanderen.be/agentschap-binnenlands-bestuur,,,,,,,,,,
ADV,"1,287",Organisatie,,,,,,,,,,,,,,,,,,Https://www.vlaanderen.be/digitaal-vlaanderen,,,,,,,,,,
ANPR,504,TermenConcepten,,,,,,,,,,,,,,,,,,,,,,,,,,,,
"ANPR-camera's - Turnhout","1,643",Initiatief,,,,,,,,,"Stad Turnhout",,,,,,,,,,,,,,,,,,,
API,226,TermenConcepten,,,,,,,,,,,,,,,,,,,,,,,,,,,,
"ArchitectuurComponent:API gateway",965,ArchitectuurComponent,,,,,,,,,,,,,,,,,,,,,,,,,,,,
"Draaiboek:API om de mobipunt-gerelateerde data te ontsluiten","1,024",Draaiboek,,,,,,,,"Kennisinstellingen,Overheden",IMEC,,,,"Smart Mobility",,,,,,"VlocaTraject:Combimobiliteit- Hoppin punten",,,,,,,,,
API-first,227,TermenConcepten,,,,,,,,,,,,,,,,,,,,,,,,,,,,
API-led,"1,066",TermenConcepten,,,,,,,,,,,,,,,,,,,,,,,,,,,,
VlocaTraject:API-led,"1,271",VlocaTraject,,Ondersteuning,,,,,,,,,,,,,,,,,,,,,,,,,,
CoCreatieAanvraag:API-led,"1,067",CoCreatieAanvraag,,,,,,,,,,,,,,,,,,,,,,,,,,,,
AQUAFIN,"1,031",Organisatie,,,,,,,,,,,,,,,,,,Https://www.aquafin.be/nl-be/over-aquafin,,,,,,,,,,
AWV,502,Organisatie,,,,,,,,,,,,,,,,,,Https://wegenenverkeer.be/,,,,,,,,,,
"Deliverable:Aankondiging start publieke review","1,386",Deliverable,,,,,,,,,,,,,,,,,,,,,,,,,,,,
"Deliverable:Aanmaak co-creatie pagina op de kennishub","1,387",Deliverable,,,,,,,,,,,,,,,,,,,,,,,,,,,,
Agoria,498,Organisatie,,,,,,,,,,,,,,,,,,Https://www.agoria.be/nl,,,,,,,,,,
"Algemene Verordening Gegevensbescherming of AVG",739,TermenConcepten,,,,,,,,,,,,,,,,,,,,,,,,,,,,
"Alliance for Internet of Things Innovation",268,Organisatie,,,,,,,,,,,,,,,,,,,,,,,,,,,,
"VlocaTraject:Antwerp Living Labs: levendige en leefbare (universiteits)buurt","1,270",VlocaTraject,,Ondersteuning,,,,,,,"Stad Antwerpen",,,,"Smart Environment,Smart People,Smart Living",,,,,,,,,,,,,,,
"CoCreatieAanvraag:Antwerp Living Labs: levendige en leefbare (universiteits)buurt","1,035",CoCreatieAanvraag,,,,,,,,,,,,,"Smart People",,,,,,,,,,,,,,,
Anyways,521,Organisatie,,,,,,,,,,,,,,,,,,Https://www.anyways.eu/,,,,,,,,,,
"Apache Druid",587,TermenConcepten,,,,,,,,,,,,,,,,,,,,,,,,,,,,
Applications,"1,108",TermenConcepten,,,,,,,,,,,,,,,,,,,,,,,,,,,,
Architectuur,213,TermenConcepten,,,,,,,,,,,,,,,,,,,,,,,,,,,,
Deliverable:Architectuurstandaard,"1,490",Deliverable,,,,,,,,,,,,,,,,,,,,,,,,,,,,
/4,"1,565",Wiki,,,,,,,,,,,,,,,,,,,,,,,,,,,,
"ArchitectuurComponent:Asset Registry",966,ArchitectuurComponent,,,,,,,,,,,,,,,,,,,,,,,,,,,,
"Augmented Reality Markup Language 2.0 (ARML20.0)",293,Standaard,,,,,,,,,,,,,,,,,,,,,,,,,,,,
"Authentieke gegevensbron",710,TermenConcepten,,,,,,,,,,,,,,,,,,,,,,,,,,,,
CoCreatieAanvraag:B-WaterSmart,"1,029",CoCreatieAanvraag,,,,,,,,,Mechelen,"AQUAFIN,PROVANT,Proefstation voor Groententeelt,VLAKWA",,"In co-creatie","Smart Environment",,,,,,"VlocaTraject:Leefomgeving- Water in de Stad",,,,,,,,,
VlocaTraject:B-WaterSmart,"1,269",VlocaTraject,,Ondersteuning,,"2020,2021,2022,2023,2024",,,,,Mechelen,,,,"Smart Environment",,,,,Https://b-watersmart.eu/about/,,,,,,,,,,
"BEReSLIM - Boilers en Ruimteverwarmers elektrisch SLIM sturen - Genk","1,650",Initiatief,,,,,,,,,"Stad Genk",,,,,,,,,,,,,,,,,,,
"Backward compatibility",560,TermenConcepten,,,,,,,,,,,,,,,,,,,,,,,,,,,,
Basisregister,711,TermenConcepten,,,,,,,,,,,,,,,,,,,,,,,,,,,,
Beheerder,779,TermenConcepten,,,,,,,,,,,,,,,,,,,,,,,,,,,,
Beleidsdomeinen,"1,295",TermenConcepten,,,,,,,,,,,,,,,,,,,,,,,,,,,,
Deliverable:Bestekteksten,"1,390",Deliverable,,,,,,,,,,,,,,,,,,,,,,,,,,,,
Bouwlagen,"1,092",TermenConcepten,,,,,,,,,,,,,,,,,,,,,,,,,,,,
"ArchitectuurBouwlaag:Bouwlagen OpenDei",962,ArchitectuurBouwlaag,,,,,,,,,,,,,,,,,,,,,,,,,,,,
"Burenondersteuning - Aalst","1,657",Initiatief,,,,,,,,,Aalst,,,,,,,,,,,,,,,,,,,
VlocaTraject:Burgerloket,"1,282",VlocaTraject,,Traject,,2022,,,,,Mechelen,,,Geregistreerd,"Smart Government",,,"Gemeente zonder gemeentehuis",,,,,,,,,,,,
CDS-M,709,TermenConcepten,,,,,,,,,,,,,,,,,,,,,,,,,,,,
CEN/TC465,353,Organisatie,,,,,,,,,,,,,,,,,,,,,,,,,,,,
Canada-OpenNorth,484,Organisatie,,,,,,,,,,,,,,,,,,Https://opennorth.ca/,,,,,,,,,,
"Center for Digital Twin Britain","1,135",Organisatie,,,,,,,,,,,,,,,,,,Https://www.cdbb.cam.ac.uk/,,,,,,,,,,
"VlocaSessie:Circulaire Economie Workshop 1","1,216",VlocaSessie,,,,,,,,Overheden,VITO,,,,,,,,,,"VlocaTraject:Circulaire economie","Business werkgroep",,,,,"28 October 2021",,,
"VlocaSessie:Circulaire Economie Workshop 2","1,217",VlocaSessie,,,,,,,,Overheden,VITO,,,,,,,,,,"VlocaTraject:Circulaire economie","Data en informatie werkgroep",,,,,"9 March 2022",,,
"File:Circulaire Economie Workshop 2 0.pdf","1,314",File,,,,,,,,,,,,,,,,,,,,,,,,,,,,
"VlocaTraject:Circulaire economie",983,VlocaTraject,,Traject,,"2021,2022",,,,,"Stad Leuven,VITO",,,"In co-creatie","Smart Environment",,,Sharepair,,,,,,,,,,,,
"Citerra - City Environmental Regulations and Rights for Access","1,709",Initiatief,,,,,,,,,"Stad Antwerpen,Mobiliteit en Parkeren Antwerpen",,,,,,,"City of Things 2022",,,,,,,,,,,,
"Citizen participation","1,228",TermenConcepten,,,,,,,,,,,,,,,,,,,,,,,,,,,,
"City of Things","1,197",Initiatief,"City of Things",,,,,,,,VLAIO,,,,,,,,,Https://www.vlaio.be/nl/vlaio-netwerk/city-things-slimme-steden-en-gemeenten,,,,,,,,,,
"City of Things 2018","1,636",Initiatief,,,,,,,,,VLAIO,,,,,,,"ANPR-camera's - Turnhout,BEReSLIM - Boilers en Ruimteverwarmers elektrisch SLIM sturen - Genk,Burenondersteuning - Aalst,Databroker - Gent,De creatie van open (IoT) data awareness bij lokale overheden - Leuven,EVENTMACHIEN - Pepingen,Geconnecteerde openbare verlichting op fietspaden - Mechelen,Gemeentelijk sensornetwerk voor luchtkwaliteitsmetingen - Kampenhout,Marktplaats Smart City - Bonheiden,MoDi:2B - Mobiliteit als een dienst aan burgers via derde-betalersystemen - Leuven,Mobiliteitsmanagement met ANPR - Puurs,Museum of Things for People - Gent,Oases van rust - Dendermonde,Slim beheer openbaar domein - Edegem,Slim gemeentevuil - Neerpelt,Slimme IoT technologie gekoppeld aan slimme zorgverlening voor levensloopbestendig wonen - Leuven,Slimme mobipunten - Peer,Smart Flow - Herent,Structurering innovatieve studentenprojecten in studentensteden - Leuven,Wegdekkwaliteitsinspectie - Lubbeek",,Https://www.vlaio.be/nl/vlaio-netwerk/city-things-slimme-steden-en-gemeenten/city-things,,,,,,,,,,
"City of Things 2019","1,639",Initiatief,,,,,,,,,VLAIO,,,,,,,"Een digitale innovatietrack ter ondersteuning van een leefbare en bruisende universiteitsbuurt – Antwerpen (welzijn),Gemeentelijk sensornetwerk voor luchtkwaliteitsmetingen - Kampenhout,IoT gestuurde mobipunten – Aalst (mobiliteit),Monitoring energetische renovaties – Gent (energie),Monitoring van de Laak – Tremelo (waterbeheer),Move&Shop – Vilvoorde (mobiliteit),Nachtlawaai verminderen d.m.v. technologie en nudging – Leuven (geluidsoverlast),Netwerkregelingen in een stedelijke context – Antwerpen (mobiliteit),Proactive Openbaarheid van Bestuur als Linked Open Data – Gent (bestuur),Rainbrain – Roeselare (waterbeheer),Slimme mobiliteit als hoeksteen van een levendige dorpskern – Geetbets (mobiliteit),VGS@school – Ingelmunster (mobiliteit)",,Https://www.vlaio.be/nl/vlaio-netwerk/city-things-slimme-steden-en-gemeenten,,,,,,,,,,
"City of Things 2020","1,640",Initiatief,,,,,,,,,VLAIO,,,,,,,"Data-gestuurde winkelgebieden – Mechelen,De Sint-Niklase Stadsmunt – Sint-Niklaas,INVEST – POM West-Vlaanderen,LocusFocus – POM Vlaams-Brabant,Lokaal 3D Project – Provincie Oost-Vlaanderen,Smart Retail Area – Antwerpen,VLOED - Gent,Wij Leveren – Leuven",,Https://www.vlaio.be/nl/vlaio-netwerk/city-things-slimme-steden-en-gemeenten,,,,,,,,,,
"City of Things 2021","1,641",Initiatief,,,,,,,,,VLAIO,,,,,,,"Lokale Open Data Economie (LODE) – Brugge,Machine Learning as a Service (MLaaS) – Roeselare,Mobiele Sensor Units – Roeselare,Regionaal plugable incentiveringsplatform – Geel,Slimme Markten – Hasselt,Slimme stadsdistributie – Hasselt,Smart Innovation Factory – Mechelen,Veelzijdige InfoSchermen voor Updates en Acties van Lokale Ondernemers (VISUALO) – Halle,Mobiliteitsbudget voor burgers – Hasselt,Mobiliteitskrediet voor burgers (MoBurger) – Hasselt",,Https://www.vlaio.be/nl/vlaio-netwerk/city-things-slimme-steden-en-gemeenten,,,,,,,,,,
"City of Things 2022","1,642",Initiatief,,,,,,,,,VLAIO,,,,,,,"Citerra - City Environmental Regulations and Rights for Access,DAKS 2.0 – Data in Kleine Steden,Data gedreven beleidsondersteuning,Energie Management Systeem – datagedreven optimalisering energieverbruik in steden EMS DOE,Modderstroom Monitoring,REVOLT,SHOK – Slimme Handel en events met Openbare Kasten,SIncR - SustainableInsights for Cities & Retailers,Slim Ruimtelijk Plannen,Slim Vrachtwagenparkeren,ThermAi,Welkomapp voor nieuwkomers",,Https://www.vlaio.be/nl/vlaio-netwerk/city-things-slimme-steden-en-gemeenten,,,,,,,,,,
"City of Things 2023","1,635",Initiatief,,,,,,,,,VLAIO,,,,,,,,,Https://www.vlaio.be/nl/vlaio-netwerk/city-things-slimme-steden-en-gemeenten,,,,,,,,,,
"City of Things Mobiliteitsmanagement met ANPR - Puurs","1,637",Initiatief,,,,,,,,,,,,,,,,"City of Things 2023",,,,,,,,,,,,
"File:City of Things image.png","1,463","Page Image",,,,,,,,,,,,,,,,,,,,,,,,,,,,
CityFlows,"1,744",Initiatief,,,,,,,,,,,,,,,,,,,,,,,,,,,,
CityGML,295,Standaard,,,,,,,,,,,,,,,,,,,,,,,,,,,,
Classificatie,"1,147",TermenConcepten,,,,,,,,,,,,,,,,,,,,,,,,,,,,
Combimobiliteit,697,TermenConcepten,,,,,,,,,,,,,,,,,,,,,,,,,,,,
"VlocaTraject:Combimobiliteit- Hoppin punten",985,VlocaTraject,,Traject,,"2020,2021",,,,,"ABB,IMEC",,,"In co-creatie","Smart Government,Smart Mobility",,,,,,,,,,,,,,,
Compair,"1,119",Initiatief,,,,,,,,,,,,,,,,,,Https://www.compair-project.eu/,,,,,,,,,,
Componenten,"1,091",TermenConcepten,,,,,,,,,,,,,,,,,,,,,,,,,,,,
Deliverable:Conformiteitsmodel,"1,389",Deliverable,,,,,,,,,,,,,,,,,,,,,,,,,,,,
"ArchitectuurComponent:Context Broker",967,ArchitectuurComponent,,,,,,,,,,,,,,,,,,,,,,,,,,,,
"Context Information",273,TermenConcepten,,,,,,,,,,,,,,,,,,,,,,,,,,,,
"Coock Open Stad",350,Organisatie,,,,,,,,,,,,,,,,,,Https://www.imeccityofthings.be/nl/projecten/open-stad,,,,,,,,,,
"Coock Open Stad/Building trust and value in data ecosystems",651,TermenConcepten,,,,,,,,,,,,,,,,,,,,,,,,,,,,
"Coock Open Stad/Connecting and storing sensor data",429,TermenConcepten,,,,,,,,,,,,,,,,,,,,,,,,,,,,
"Coock Open Stad/Connecting, storing and publishing sensor data",431,TermenConcepten,,,,,,,,,,,,,,,,,,,,,,,,,,,,
"Coock Open Stad/Healthy Indoor Quality of Living",480,TermenConcepten,,,,,,,,,,,,,,,,,,,,,,,,,,,,
"Coock Open Stad/IoT and Air Quality in Cities part 1",540,TermenConcepten,,,,,,,,,,,,,,,,,,,,,,,,,,,,
"Coock Open Stad/IoT and Air Quality in Cities part 2",541,TermenConcepten,,,,,,,,,,,,,,,,,,,,,,,,,,,,
"Coock Open Stad/Learnings from international and local smart city initiatives",433,TermenConcepten,,,,,,,,,,,,,,,,,,,,,,,,,,,,
"Coock Open Stad/Mobile environmental sensing",624,TermenConcepten,,,,,,,,,,,,,,,,,,,,,,,,,,,,
"Coock Open Stad/Open City and its Citizens",430,TermenConcepten,,,,,,,,,,,,,,,,,,,,,,,,,,,,
"Coock Open Stad/Publishing and using sensor data as linked open data",432,TermenConcepten,,,,,,,,,,,,,,,,,,,,,,,,,,,,
"Coock Open Stad/Smart Towards a high-quality living environment",428,TermenConcepten,,,,,,,,,,,,,,,,,,,,,,,,,,,,
Cross-Domain,267,TermenConcepten,,,,,,,,,,,,,,,,,,,,,,,,,,,,
Cross-cutting,225,TermenConcepten,,,,,,,,,,,,,,,,,,,,,,,,,,,,
"DAKS 2.0 – Data in Kleine Steden","1,715",Initiatief,,,,,,,,,"Gemeente Oostkamp",,,,,,,"City of Things 2022",,,,,,,,,,,,
DATA-first,228,TermenConcepten,,,,,,,,,,,,,,,,,,,,,,,,,,,,
"VlocaTraject:DINA: Dienstverlening via integratie naadloos aanbieden","1,280",VlocaTraject,,Traject,,2022,,,,,"Stad Leuven",,,Geregistreerd,"Smart Government",,,"Gemeente zonder gemeentehuis",,,,,,,,,,,,
"DS- Deense standaarden",481,Organisatie,,,,,,,,,,,,,,,,,,Https://www.ds.dk/en,,,,,,,,,,
DUET,"1,113",Initiatief,,,,,,,,,,,,,,,,,,Https://www.digitalurbantwins.com/,,,,,,,,,,
"ArchitectuurComponent:Data Analytics",968,ArchitectuurComponent,,,,,,,,,,,,,,,,,,,,,,,,,,,,
"VlocaTraject:Data Broker","1,039",VlocaTraject,,Traject,,2021,,,,,"IMEC,Stad Antwerpen,Stad Gent,Stad Roeselare",VLAIO,,"In co-creatie","Smart Government",,,"City of Things",,,,,,,,,,,,
"VlocaSessie:Data Broker Workshop 1","1,040",VlocaSessie,,,,,,,,,,,,,,,,,,,"VlocaTraject:Data Broker","Business werkgroep",,,,,"3 February 2021",,,
"VlocaSessie:Data Broker Workshop 2","1,041",VlocaSessie,,,,,,,,,,,,,,,,,,,"VlocaTraject:Data Broker","Functionele werkgroep",,,,,"3 March 2021",,,
"ArchitectuurBouwlaag:Data Capture",953,ArchitectuurBouwlaag,,,,,,,,,,,,,,,,,,,,,,,,,,,,
"ArchitectuurComponent:Data Catalog",970,ArchitectuurComponent,,,,,,,,,,,,,,,,,,,,,,,,,,,,
"Data Formaat",529,TermenConcepten,,,,,,,,,,,,,,,,,,,,,,,,,,,,
"Data Governance",726,TermenConcepten,,,,,,,,,,,,,,,,,,,,,,,,,,,,
"Deliverable:Data Governance Model","1,529",Deliverable,,,,,,,,,,,,,,,,,,,,,,,,,,,,
"ArchitectuurComponent:Data Lake(house)",971,ArchitectuurComponent,,,,,,,,,,,,,,,,,,,,,,,,,,,,
"Data Lineage",543,TermenConcepten,,,,,,,,,,,,,,,,,,,,,,,,,,,,
"Data Ownership",555,TermenConcepten,,,,,,,,,,,,,,,,,,,,,,,,,,,,
"Data Portability",332,TermenConcepten,,,,,,,,,,,,,,,,,,,,,,,,,,,,
"Data Quality",546,TermenConcepten,,,,,,,,,,,,,,,,,,,,,,,,,,,,
"Data Scheme",530,TermenConcepten,,,,,,,,,,,,,,,,,,,,,,,,,,,,
"Data Spaces In Flanders",696,TermenConcepten,,,,,,,,,,,,,,,,,,,,,,,,,,,,
"VlocaTraject:Data Terms & Concepts",526,Page,,,,,,,,,,,,,,,,,,,,,,,,,,,,
"Data Variety",544,TermenConcepten,,,,,,,,,,,,,,,,,,,,,,,,,,,,
"Data Velocity",542,TermenConcepten,,,,,,,,,,,,,,,,,,,,,,,,,,,,
"Data Veracity",492,TermenConcepten,,,,,,,,,,,,,,,,,,,,,,,,,,,,
"Data Volume",545,TermenConcepten,,,,,,,,,,,,,,,,,,,,,,,,,,,,
"Data attribuut",714,TermenConcepten,,,,,,,,,,,,,,,,,,,,,,,,,,,,
"ArchitectuurComponent:Data broker",969,ArchitectuurComponent,,,,,,,,,,,,,,,,,,,,,,"ArchitectuurBouwlaag:Segment Broker",,,,,,
"Data cataloog",551,TermenConcepten,,,,,,,,,,,,,,,,,,,,,,,,,,,,
"Data enrichment",559,TermenConcepten,,,,,,,,,,,,,,,,,,,,,,,,,,,,
"Data fusion",438,TermenConcepten,,,,,,,,,,,,,,,,,,,,,,,,,,,,
"Data gedreven beleidsondersteuning","1,717",Initiatief,,,,,,,,,"Stad Genk",,,,,,,"City of Things 2022",,,,,,,,,,,,
"Data kwaliteit",255,TermenConcepten,,,,,,,,,,,,,,,,,,,,,,,,,,,,
"Data management",719,TermenConcepten,,,,,,,,,,,,,,,,,,,,,,,,,,,,
"Data protection",553,TermenConcepten,,,,,,,,,,,,,,,,,,,,,,,,,,,,
"Data security",554,TermenConcepten,,,,,,,,,,,,,,,,,,,,,,,,,,,,
"Data semantiek",552,TermenConcepten,,,,,,,,,,,,,,,,,,,,,,,,,,,,
"Data space",694,TermenConcepten,,,,,,,,,,,,,,,,,,,,,,,,,,,,
"Data-gedreven beslissingsondersteuningssysteem","1,140",TermenConcepten,,,,,,,,,,,,,,,,,,,,,,,,,,,,
"Data-gestuurde winkelgebieden – Mechelen","1,695",Initiatief,,,,,,,,,Mechelen,,,,,,,,,,,,,,,,,,,
Data-soevereiniteit,251,TermenConcepten,,,,,,,,,,,,,,,,,,,,,,,,,,,,
Database,454,TermenConcepten,,,,,,,,,,,,,,,,,,,,,,,,,,,,
Database-vs-contextbroker,456,TermenConcepten,,,,,,,,,,,,,,,,,,,,,,,,,,,,
"Databroker - Gent","1,651",Initiatief,,,,,,,,,"Stad Gent",,,,,,,,,,,,,,,,,,,
"VlocaTraject:Datagestuurde handelskern","1,272",VlocaTraject,,Ondersteuning,,2022,,,,,"Stad Hasselt",,,Lopend,,,,,,,,,,,,,,,,
"File:Datagestuurde handelskern image.png","1,608","Page Image",,,,,,,,,,,,,,,,,,,,,,,,,,,,
Dataretentie,717,TermenConcepten,,,,,,,,,,,,,,,,,,,,,,,,,,,,
Datex,503,Standaard,,,,,,,,,,,,,,,,,,,,,,,,,,,,
"De Lijn",524,Organisatie,,,,,,,,,,,,,,,,,,Https://www.delijn.be/nl/,,,,,,,,,,
"De Sint-Niklase Stadsmunt – Sint-Niklaas","1,692",Initiatief,,,,,,,,,"Stad Sint-Niklaas",,,,,,,,,,,,,,,,,,,
"De creatie van open (IoT) data awareness bij lokale overheden - Leuven","1,666",Initiatief,,,,,,,,,"Stad Leuven",,,,,,,,,,,,,,,,,,,
"VlocaTraject:Definitie Data Broker",527,Page,,,,,,,,,,,,,,,,,,,,,,,,,,,,
"File:Deliverable 1 image.jpg","1,349","Page Image",,,,,,,,,,,,,,,,,,,,,,,,,,,,
"File:Deliverable 10 image.png","1,370","Page Image",,,,,,,,,,,,,,,,,,,,,,,,,,,,
"File:Deliverable 15 image.png","1,615","Page Image",,,,,,,,,,,,,,,,,,,,,,,,,,,,
"File:Deliverable 2 image.jpg","1,354","Page Image",,,,,,,,,,,,,,,,,,,,,,,,,,,,
"File:Deliverable 3 image.png","1,356","Page Image",,,,,,,,,,,,,,,,,,,,,,,,,,,,
"File:Deliverable 4 image.png","1,358","Page Image",,,,,,,,,,,,,,,,,,,,,,,,,,,,
"File:Deliverable 5 image.png","1,360","Page Image",,,,,,,,,,,,,,,,,,,,,,,,,,,,
"File:Deliverable 6 image.jpg","1,362","Page Image",,,,,,,,,,,,,,,,,,,,,,,,,,,,
"File:Deliverable 7 image.png","1,364","Page Image",,,,,,,,,,,,,,,,,,,,,,,,,,,,
"File:Deliverable 8 image.png","1,366","Page Image",,,,,,,,,,,,,,,,,,,,,,,,,,,,
"File:Deliverable 9 image.png","1,368","Page Image",,,,,,,,,,,,,,,,,,,,,,,,,,,,
Deliverable/1,"1,337",Deliverable,,,,,,,,Overheden,,,,,,,,,,,"VlocaTraject:Lokale Open Data Economie (LODE)",,,,VLOCA-Model,,,,,V0.1
Deliverable/10,"1,347",Deliverable,,,,,,,,Overheden,,,,,,,,,,,"VlocaTraject:Slimme stadsdistributie",,,,VLOCA-Model,,,,,V0.1
Deliverable/12,"1,456",Deliverable,,,,,,,,"Kennisinstellingen,Overheden",,,,"Peer review",,,,,,,"VlocaTraject:Circulaire economie",,,,VLOCA-Model,,,,,V0.2
Deliverable/13,"1,577",Deliverable,,,,,,,,Overheden,,,,"In uitwerking",,,,,,,"VlocaTraject:Lokale Open Data Economie (LODE)",,,,VLOCA-Model,,,,,V0.2
Deliverable/14,"1,578",Deliverable,,,,,,,,Overheden,,,,"In uitwerking",,,,,,,"VlocaTraject:Het potentieel van urban mining voor de bouwsector",,,,VLOCA-Model,,,,,V0.2
Deliverable/15,"1,607",Deliverable,,,,,,,,,,,,,,,,,,,"VlocaTraject:Datagestuurde handelskern",,,,VLOCA-Model,,,,,V0.1
Deliverable/16,"1,738",Deliverable,,,,,,,,"Kennisinstellingen,Overheden",,,,"In uitwerking",,,,,,,"VlocaTraject:Slimme stadsdistributie",,,,Stakeholderanalyse,,,,,V0
Deliverable/17,"1,743",Deliverable,,,,,,,,,,,,"In uitwerking",,,,,,,"VlocaTraject:Slimme stadsdistributie",,,,TA-Tekening,,,,,V0
Deliverable/18,"1,745",Deliverable,,,,,,,,Overheden,,,,"In uitwerking",,,,,,,"VlocaTraject:Veelzijdige InfoSchermen voor Updates en Acties van Lokale Ondernemers (VISUALO)",,,,VLOCA-Model,,,,,V0.2
Deliverable/19,"1,771",Deliverable,,,,,,,,Overheden,,,,"Peer review",,,,,,,"VlocaTraject:Mobiliteitsbudget voor burgers",,,,VLOCA-Donut,,,,,V0.2
Deliverable/2,"1,339",Deliverable,,,,,,,,Overheden,,,,"Peer review",,,,,,,"VlocaTraject:Regionaal plugable incentiveringsplatform",,,,VLOCA-Model,,,,,V0.1
Deliverable/3,"1,340",Deliverable,,,,,,,,Overheden,,,,"Peer review",,,,,,,"VlocaTraject:Smart Innovation Factory",,,,VLOCA-Model,,,,,V0.1
Deliverable/4,"1,341",Deliverable,,,,,,,,Overheden,,,,"Peer review",,,,,,,"VlocaTraject:Mobiele Sensor Units",,,,VLOCA-Model,,,,,V0.1
Deliverable/5,"1,342",Deliverable,,,,,,,,Overheden,,,,"Peer review",,,,,,,"VlocaTraject:Machine Learning as a Service (MLaaS)",,,,VLOCA-Model,,,,,V0.1
Deliverable/6,"1,343",Deliverable,,,,,,,,Overheden,,,,"Peer review",,,,,,,"VlocaTraject:Veelzijdige InfoSchermen voor Updates en Acties van Lokale Ondernemers (VISUALO)",,,,VLOCA-Model,,,,,V0.1
Deliverable/7,"1,344",Deliverable,,,,,,,,Overheden,,,,"Peer review",,,,,,,"VlocaTraject:Het potentieel van urban mining voor de bouwsector",,,,VLOCA-Model,,,,,V0.1
Deliverable/8,"1,345",Deliverable,,,,,,,,Overheden,,,,"Peer review",,,,,,,"VlocaTraject:Slimme Markten",,,,VLOCA-Model,,,,,V0.1
Deliverable/9,"1,346",Deliverable,,,,,,,,Overheden,,,,"Peer review",,,,,,,"VlocaTraject:Mobiliteitsbudget voor burgers",,,,VLOCA-Donut,,,,,V0.1
VlocaTraject:DenCITY,"1,268",VlocaTraject,,Ondersteuning,,2020,,,,,"Stad Antwerpen,VMM",,,,"Smart Mobility,Smart Environment",,,,,,,,,,,,,,,
CoCreatieAanvraag:DenCITY,"1,042",CoCreatieAanvraag,,,,,,,,,,,,,"Smart Environment",,,,,,,,,,,,,,,
"Denmark IoT and Smart Cities",218,Organisatie,,,,,,,,,,,,,,,,,,Https://ditcom.au.dk/news/show/artikel/towards-a-reference-architecture-model-for-smart-cities-and-iot-in-denmark/,,,,,,,,,,
"Destination Earth","1,088",Organisatie,,,,,,,,,,,,,,,,,,Https://digital-strategy.ec.europa.eu/en/policies/destination-earth,,,,,,,,,,
Devices,"1,103",TermenConcepten,,,,,,,,,,,,,,,,,,,,,,,,,,,,
"Digital Europe Programme","1,133",Organisatie,,,,,,,,,,,,,,,,,,Https://digital-strategy.ec.europa.eu/en/activities/digital-programme,,,,,,,,,,
"Digital Twin Consortium","1,117",Organisatie,,,,,,,,,,,,,,,,,,Https://www.digitaltwinconsortium.org/,,,,,,,,,,
"Digital administration","1,204",TermenConcepten,,,,,,,,,,,,,,,,,,,,,,,,,,,,
"Digital twin",472,TermenConcepten,,,,,,,,,,,,,,,,,,,,,,,,,,,,
"VlocaTraject:Digitalisering volledige customer journey parkeren en GAS4 en GAS5","1,273",VlocaTraject,,Traject,,2022,,,,,"Stad Genk",,,"In opstart","Smart Government",,,"Gemeente zonder gemeentehuis",,,,,,,,,,,,
E-Hubs,737,Organisatie,,,,,,,,,,,,,,,,,,,,,,,,,,,,
"EIRA (European Interoperability Reference Architecture)",362,TermenConcepten,,,,,,,,,,,,,,,,,,,,,,,,,,,,
"EVENTMACHIEN - Pepingen","1,668",Initiatief,,,,,,,,,"Gemeente Pepingen",,,,,,,,,,,,,,,,,,,
"Economisch Huis Oostende","1,713",Organisatie,,,,,,,,,,,,,,,,,,,,,,,,,,,,
Ecosysteem,695,TermenConcepten,,,,,,,,,,,,,,,,,,,,,,,,,,,,
Edge,563,TermenConcepten,,,,,,,,,,,,,,,,,,,,,,,,,,,,
"Een digitale innovatietrack ter ondersteuning van een leefbare en bruisende universiteitsbuurt – Antwerpen (welzijn)","1,681",Initiatief,,,,,,,,,"Stad Antwerpen",,,,,,,,,,,,,,,,,,,
Effectiviteitsprincipes,"1,037",TermenConcepten,,,,,,,,,,,,,,,,,,,,,,,,,,,,
"Energie Management Systeem – datagedreven optimalisering energieverbruik in steden EMS DOE","1,721",Initiatief,,,,,,,,,"Stad Kortrijk",,,,,,,,,,,,,,,,,,,
"English Speaking",334,TermenConcepten,,,,,,,,,,,,,,,,,,,,,,,,,,,,
"Europa - Digital Single Market",483,Organisatie,,,,,,,,,,,,,,,,,,Https://digital-strategy.ec.europa.eu/en,,,,,,,,,,
"European Committee for Standardization (CEN)",722,Organisatie,,,,,,,,,,,,,,,,,,Https://www.cencenelec.eu/,,,,,,,,,,
"European Interoperability Framework (EIF)",285,Organisatie,,,,,,,,,,,,,,,,,,Https://joinup.ec.europa.eu/collection/nifo-national-interoperability-framework-observatory/european-interoperability-framework-detail,,,,,,,,,,
"Europees Telecommunicatie en Standaardisatie Instituut (ETSI)",724,Organisatie,,,,,,,,,,,,,,,,,,Https://www.etsi.org/,,,,,,,,,,
"Europese Interoperabiliteitsarchitectuur (EIRA)",290,TermenConcepten,,,,,,,,,,,,,,,,,,,,,,,,,,,,
"Draaiboek:Evaluatie van sensoren","1,016",Draaiboek,,,,,,,,,,,,,"Smart Environment",,,,,,"VlocaTraject:Leefomgeving- Water in de Stad",,,,,,,,,
"Draaiboek:Evidence-based Decision Making","1,186",Draaiboek,,,,,,,,Overheden,IMEC,,,,"Smart Governance",,,,,,"VlocaTraject:Local Digital Twin",,,,,,,,,
"File:Evidence-based Decision Making 0.rtb","1,595",File,,,,,,,,,,,,,,,,,,,,,,,,,,,,
FIWARE,272,Organisatie,,,,,,,,,,,,,,,,,,,,,,,,,,,,
"Fair data",700,TermenConcepten,,,,,,,,,,,,,,,,,,,,,,,,,,,,
"Finland - Digital Twin","1,138",Organisatie,,,,,,,,,,,,,,,,,,Https://www.hel.fi/helsinki/en/administration/information/general/3d/potential-uses/,,,,,,,,,,
ArchitectuurComponent:Firewall,972,ArchitectuurComponent,,,,,,,,,,,,,,,,,,,,,,,,,,,,
"Five star open data",579,TermenConcepten,,,,,,,,,,,,,,,,,,,,,,,,,,,,
"Floating Car Data",507,TermenConcepten,,,,,,,,,,,,,,,,,,,,,,,,,,,,
CoCreatieAanvraag:Flood4Cast,"1,080",CoCreatieAanvraag,,,,,,,,,,,,,"Smart Environment",,,,,,"VlocaTraject:Leefomgeving- Water in de Stad",,,,,,,,,
VlocaTraject:Flood4Cast,"1,267",VlocaTraject,,Ondersteuning,,,,,,,,Hydroscan,,,"Smart Government,Smart Environment",,,,,Https://www.hydroscan.eu/nl/flood4cast,,,,,,,,,,
GAIA-X,398,Initiatief,,,,,,,,,,,,,,,,,,Https://www.gaia-x.eu/,,,,,,,,,,
"GAIA-X technische architectuur",680,TermenConcepten,,,,,,,,,,,,,,,,,,,,,,,,,,,,
"Geaggregeerde data",713,TermenConcepten,,,,,,,,,,,,,,,,,,,,,,,,,,,,
"Geanonimiseerde data",712,TermenConcepten,,,,,,,,,,,,,,,,,,,,,,,,,,,,
"Geconnecteerde openbare verlichting op fietspaden - Mechelen","1,646",Initiatief,,,,,,,,,Mechelen,,,,,,,,,,,,,,,,,,,
Boechout,"1,278",Organisatie,,,,,,,,,,,,,,,,,,,,,,,,,,,,
"Gemeente Edegem","1,659",Organisatie,,,,,,,,,,,,,,,,,,,,,,,,,,,,
"Gemeente Geetbets","1,288",Organisatie,,,,,,,,,,,,,,,,,,Https://nl.wikipedia.org/wiki/Geetbets,,,,,,,,,,
"Gemeente Herent","1,669",Organisatie,,,,,,,,,,,,,,,,,,,,,,,,,,,,
"Gemeente Ingelmunster","1,677",Organisatie,,,,,,,,,,,,,,,,,,,,,,,,,,,,
"Gemeente Kampenhout","1,664",Organisatie,,,,,,,,,,,,,,,,,,,,,,,,,,,,
"Gemeente Lubbeek","1,662",Organisatie,,,,,,,,,,,,,,,,,,,,,,,,,,,,
"Gemeente Oostkamp","1,714",Organisatie,,,,,,,,,,,,,,,,,,,,,,,,,,,,
"Gemeente Pelt","1,655",Organisatie,,,,,,,,,,,,,,,,,,,,,,,,,,,,
"Gemeente Pepingen","1,667",Organisatie,,,,,,,,,,,,,,,,,,,,,,,,,,,,
"Gemeente Puurs-Sint-Amands","1,671",Organisatie,,,,,,,,,,,,,,,,,,,,,,,,,,,,
"Gemeente Tremelo","1,679",Organisatie,,,,,,,,,,,,,,,,,,,,,,,,,,,,
"Gemeente Zaventem","1,718",Organisatie,,,,,,,,,,,,,,,,,,,,,,,,,,,,
"Gemeente zonder gemeentehuis","1,196",Initiatief,,,,,,,,,,,,,,,,,,,,,,,,,,,,
"Gemeentelijk sensornetwerk voor luchtkwaliteitsmetingen - Kampenhout","1,665",Initiatief,,,,,,,,,"Gemeente Kampenhout",,,,,,,,,,,,,,,,,,,
GeoJSON,322,Standaard,,,,,,,,,,,,,,,,,,,,,,,,,,,,
GeoNovum,"1,136",Organisatie,,,,,,,,,,,,,,,,,,Https://www.geonovum.nl/,,,,,,,,,,
GeoRSS,297,Standaard,,,,,,,,,,,,,,,,,,,,,,,,,,,,
"Geography Markup Language (GML)",312,Standaard,,,,,,,,,,,,,,,,,,,,,,,,,,,,
"Gothenburg - Digital Tvilling","1,137",Organisatie,,,,,,,,,,,,,,,,,,Https://www.esri.com/arcgis-blog/products/city-engine/3d-gis/gothenburg-is-twinning/,,,,,,,,,,
Governance,245,TermenConcepten,,,,,,,,,,,,,,,,,,,,,,,,,,,,
Graph-database,453,TermenConcepten,,,,,,,,,,,,,,,,,,,,,,,,,,,,
H2020,"1,089",Initiatief,,,,,,,,,,,,,,,,,,Https://ec.europa.eu/programmes/horizon2020/en/home,,,,,,,,,,
HPAdmin,756,TermenConcepten,,,,,,,,,,,,,,,,,,,,,,,,,,,,
HPBuurt,767,TermenConcepten,,,,,,,,,,,,,,,,,,,,,,,,,,,,
HPGebruiksStats,759,TermenConcepten,,,,,,,,,,,,,,,,,,,,,,,,,,,,
HPIdentificatie,755,TermenConcepten,,,,,,,,,,,,,,,,,,,,,,,,,,,,
HPLayout,780,TermenConcepten,,,,,,,,,,,,,,,,,,,,,,,,,,,,
HPLokaal,768,TermenConcepten,,,,,,,,,,,,,,,,,,,,,,,,,,,,
HPRegionaal,766,TermenConcepten,,,,,,,,,,,,,,,,,,,,,,,,,,,,
HPServices,757,TermenConcepten,,,,,,,,,,,,,,,,,,,,,,,,,,,,
HPStatus,758,TermenConcepten,,,,,,,,,,,,,,,,,,,,,,,,,,,,
HPType,754,TermenConcepten,,,,,,,,,,,,,,,,,,,,,,,,,,,,
"VlocaTraject:Het potentieel van urban mining voor de bouwsector","1,244",VlocaTraject,,Traject,CoT.2021.010,2022,,,,,"Stad Oostende",,,Lopend,"Smart Environment",,,"City of Things 2021,Het potentieel van urban mining voor de bouwsector – Oostende",,,,,,,,,,,,
"Het potentieel van urban mining voor de bouwsector – Oostende","1,705",Initiatief,,,,,,,,,"Stad Oostende",,,,,,,"City of Things 2021",,,,,,,,,,,,
"Hoe bijdragen",240,TermenConcepten,,,,,,,,,,,,,,,,,,,,,,,,,,,,
"Draaiboek:Hoe deel ik mijn data","1,012",Draaiboek,,,,,,,,,,,,,"Smart Environment",,,,,,"VlocaTraject:Leefomgeving- Water in de Stad",,,,,,,,,
"Draaiboek:Hoe het Digital Product Paspoort gebruiken","1,507",Draaiboek,,,,,,,,,VITO,,,,,,,,,,"VlocaTraject:Circulaire economie",,,,,,,,,
"Draaiboek:Hoe houden we gestructureerd data bij","1,009",Draaiboek,,,,,,,,,,,,,"Smart Environment",,,,,,"VlocaTraject:Leefomgeving- Water in de Stad",,,,,,,,,
"Draaiboek:Hoe kan je gemiste “repair opportunities” in kaart brengen en reduceren?","1,515",Draaiboek,,,,,,,,,VITO,,,,,,,,,,"VlocaTraject:Circulaire economie",,,,,,,,,
"VlocaTraject talk:Hoe kies ik de geschikte datatransmissie en logging device",605,Page,,,,,,,,,,,,,,,,,,,,,,,,,,,,
"Draaiboek:Hoe kies ik de geschikte datatransmissie en logging device","1,013",Draaiboek,,,,,,,,,,,,,"Smart Environment",,,,,,"VlocaTraject:Leefomgeving- Water in de Stad",,,,,,,,,
"Draaiboek:Hoe kies ik een geschikte sensor","1,014",Draaiboek,,,,,,,,,,,,,"Smart Environment",,,,,,"VlocaTraject:Leefomgeving- Water in de Stad",,,,,,,,,
"Draaiboek:Hoe kunnen we repair cafés en herstel in het algemeen ondersteunen en zo de kans op succesvol herstel vergroten","1,527",Draaiboek,,,,,,,,Overheden,VITO,,,,,,,,,,"VlocaTraject:Circulaire economie",,,,,,,,,
"Draaiboek:Hoeveel en waar sensoren plaatsen","1,015",Draaiboek,,,,,,,,,,,,,"Smart Environment",,,,,,"VlocaTraject:Leefomgeving- Water in de Stad",,,,,,,,,
"Draaiboek:Hoppin Punt My Bike Service","1,077",Draaiboek,,,,,,,,Overheden,IMEC,,,,"Smart Mobility",,,,,,"VlocaTraject:Combimobiliteit- Hoppin punten",,,,,,,,,
"Draaiboek:Hoppin Punt Service Informatie Model","1,068",Draaiboek,,,,,,,,,,,,,"Smart Mobility",,,,,,"VlocaTraject:Combimobiliteit- Hoppin punten",,,,,,,,,
"Hoppin Punt informatie model",743,TermenConcepten,,,,,,,,,,,,,,,,,,,,,,,,,,,,
"Hoppin informatie architectuur",742,TermenConcepten,,,,,,,,,,,,,,,,,,,,,,,,,,,,
"Hoppin punten",730,TermenConcepten,,,,,,,,,,,,,,,,,,,,,,,,,,,,
"Draaiboek:Hoppin scenario - Nieuw Hoppin' punt","1,071",Draaiboek,,,,,,,,,IMEC,,,,"Smart Mobility",,,,,,"VlocaTraject:Combimobiliteit- Hoppin punten",,,,,,,,,
"Draaiboek:Hoppin scenario - een mobiliteitsdienst toevoegen aan een Hoppinpunt","1,076",Draaiboek,,,,,,,,Overheden,IMEC,,,,"Smart Mobility",,,,,,"VlocaTraject:Combimobiliteit- Hoppin punten",,,,,,,,,
"Draaiboek:Hoppin scenario - subsidies aanvragen","1,072",Draaiboek,,,,,,,,Overheden,IMEC,,,,"Smart Mobility",,,,,,"VlocaTraject:Combimobiliteit- Hoppin punten",,,,,,,,,
"VlocaSessie:Hoppinpunten - Digitale Architectuur ten behoeve van Reizigers , Service providers en Overheden","1,154",VlocaSessie,,,,,,,,,,,,,,,,,,,"VlocaTraject:Combimobiliteit- Hoppin punten",Andere,,,,,,,,
"VlocaSessie:Hoppinpunten Workshop 0: Kennismaking",986,VlocaSessie,,,,,,,,,,,,,,,,,,,"VlocaTraject:Combimobiliteit- Hoppin punten",Andere,,,,,"10 December 2020",,,
"VlocaSessie:Hoppinpunten Workshop 1: Behoeftes & doelstellingen",987,VlocaSessie,,,,,,,,,,,,,,,,,,,"VlocaTraject:Combimobiliteit- Hoppin punten","Data en informatie werkgroep",,,,,"11 February 2021",,,
"VlocaSessie:Hoppinpunten Workshop 2: Data",988,VlocaSessie,,,,,,,,,,,,,,,,,,,"VlocaTraject:Combimobiliteit- Hoppin punten","Data en informatie werkgroep",,,,,"11 March 2021",,,
"VlocaSessie:Hoppinpunten Workshop 3: Details",989,VlocaSessie,,,,,,,,,,,,,,,,,,,"VlocaTraject:Combimobiliteit- Hoppin punten","Data en informatie werkgroep",,,,,"6 May 2021",,,
"CoCreatieAanvraag:Hydrologisch meetnet provincie Antwerpen","1,049",CoCreatieAanvraag,,,,,,,,,,,,,"Smart Environment",,,,,,"VlocaTraject:Leefomgeving- Water in de Stad",,,,,,,,,
"VlocaTraject:Hydrologisch meetnet provincie Antwerpen","1,266",VlocaTraject,,Ondersteuning,,,,,,,"Provincie Antwerpen",,,,"Smart Environment",,,,,,,,,,,,,,,
Hydroscan,"1,156",Organisatie,,,,,,,,,,,,,,,,,,Https://www.hydroscan.eu/nl/over-hydroscan/,,,,,,,,,,
"Hydrostatische meting",593,TermenConcepten,,,,,,,,,,,,,,,,,,,,,,,,,,,,
"ArchitectuurComponent:IAM service",973,ArchitectuurComponent,,,,,,,,,,,,,,,,,,,,,,,,,,,,
ICT,234,TermenConcepten,,,,,,,,,,,,,,,,,,,,,,,,,,,,
IDSA,278,Organisatie,,,,,,,,,,,,,,,,,,Https://internationaldataspaces.org/,,,,,,,,,,
IMEC,519,Organisatie,,,,,,,,,,,,,,,,,,Https://www.imec.be/nl,,,,,,,,,,
IMKL,557,Standaard,,,,,,,,,,,,,,,,,,,,,,,,,,,,
INSPIRE,289,Organisatie,,,,,,,,,,,,,,,,,,Https://inspire.ec.europa.eu/,,,,,,,,,,
INSPIRE-data-standaard,558,Standaard,,,,,,,,,,,,,"Smart Environment",,,,,,,,,,,,,,,
"INVEST – POM West-Vlaanderen","1,694",Initiatief,,,,,,,,,"Provincie West-Vlaanderen",,,,,,,,,,,,,,,,,,,
IOK,"1,732",Organisatie,,,,,,,,,,,,,,,,,,,,,,,,,,,,
"ISA²: Interoperability solutions for public administrations, businesses and citizens",283,TermenConcepten,,,,,,,,,,,,,,,,,,,,,,,,,,,,
"Draaiboek:Ik wil begrijpen of de data waar ik mee aan de slag ben/zal gaan voldoet aan de FAIR principes.","1,198",Draaiboek,,,,,,,,Overheden,IMEC,,,,"Smart Governance",,,,,,"VlocaTraject:Local Digital Twin",,,,,,,,,
"Draaiboek:Ik wil bemalingswaterdebieten in real time volgen",991,Draaiboek,,,,,,,,,,,,,"Smart Environment",,,,,,"VlocaTraject:Leefomgeving- Water in de Stad",,,,,,,,,
"File:Ik wil bemalingswaterdebieten in real time volgen image.jpg","1,170","Page Image",,,,,,,,,,,,,,,,,,,,,,,,,,,,
"Draaiboek:Ik wil data van een watersensornetwerk gebruiken (data broker vraagzijde)","1,010",Draaiboek,,,,,,,,,,,,,"Smart Environment",,,,,,"VlocaTraject:Leefomgeving- Water in de Stad",,,,,,,,,
"Draaiboek:Ik wil de bijdrage van reparatie aan de circulaire economie kunnen meten","1,508",Draaiboek,,,,,,,,,VITO,,,,,,,,,,"VlocaTraject:Circulaire economie",,,,,,,,,
"Draaiboek:Ik wil de data van een watersensornetwerk beheren","1,005",Draaiboek,,,,,,,,,,,,,"Smart Environment",,,,,,"VlocaTraject:Leefomgeving- Water in de Stad",,,,,,,,,
"VlocaTraject talk:Ik wil een bufferbekken optimaal inzetten voor de droogteproblematiek",783,Page,,,,,,,,,,,,,,,,,,,,,,,,,,,,
"Draaiboek:Ik wil een bufferbekken optimaal inzetten voor de droogteproblematiek","1,001",Draaiboek,,,,,,,,,,,,,"Smart Environment",,,,,,"VlocaTraject:Leefomgeving- Water in de Stad",,,,,,,,,
"File:Ik wil een bufferbekken optimaal inzetten voor de droogteproblematiek image.jpg","1,166","Page Image",,,,,,,,,,,,,,,,,,,,,,,,,,,,
"Draaiboek:Ik wil een data standaard kiezen","1,036",Draaiboek,,,,,,,,,,,,,"Smart Environment",,,,,,"VlocaTraject:Leefomgeving- Water in de Stad",,,,,,,,,
"Draaiboek:Ik wil een netwerk van pluviometers implementeren","1,003",Draaiboek,,,,,,,,,,,,,"Smart Environment",,,,,,"VlocaTraject:Leefomgeving- Water in de Stad",,,,,,,,,
"File:Ik wil een netwerk van pluviometers implementeren image.jpg","1,168","Page Image",,,,,,,,,,,,,,,,,,,,,,,,,,,,
"Draaiboek:Ik wil een watersensornetwerk implementeren",998,Draaiboek,,,,,,,,,,,,,"Smart Environment",,,,,,"VlocaTraject:Leefomgeving- Water in de Stad",,,,,,,,,
"Draaiboek:Ik wil gerichte campagnes rond repair cafés lanceren","1,521",Draaiboek,,,,,,,,,VITO,,,,,,,,,,"VlocaTraject:Circulaire economie",,,,,,,,,
"Draaiboek:Ik wil illegale lozingen detecteren","1,004",Draaiboek,,,,,,,,,,,,,"Smart Environment",,,,,,"VlocaTraject:Leefomgeving- Water in de Stad",,,,,,,,,
"File:Ik wil illegale lozingen detecteren image.jpg","1,172","Page Image",,,,,,,,,,,,,,,,,,,,,,,,,,,,
"Draaiboek:Ik wil kunnen meten hoeveel CO2 er vermeden is doordat burger kapotte toestellen hersteld hebben","1,513",Draaiboek,,,,,,,,,VITO,,,,,,,,,,"VlocaTraject:Circulaire economie",,,,,,,,,
"Draaiboek:Ik wil real-time waterkwaliteitsparameters communiceren",999,Draaiboek,,,,,,,,,,,,,"Smart Environment",,,,,,"VlocaTraject:Leefomgeving- Water in de Stad",,,,,,,,,
"File:Ik wil real-time waterkwaliteitsparameters communiceren image.jpg","1,176","Page Image",,,,,,,,,,,,,,,,,,,,,,,,,,,,
"Draaiboek:Ik wil waak- en alarmpeilen detecteren","1,002",Draaiboek,,,,,,,,,,,,,"Smart Environment",,,,,,"VlocaTraject:Leefomgeving- Water in de Stad",,,,,,,,,
"File:Ik wil waak- en alarmpeilen detecteren image.jpg","1,167","Page Image",,,,,,,,,,,,,,,,,,,,,,,,,,,,
"Draaiboek:Ik wil wateroverlast kunnen voorspellen","1,000",Draaiboek,,,,,,,,,,,,,"Smart Environment",,,,,,"VlocaTraject:Leefomgeving- Water in de Stad",,,,,,,,,
"File:Ik wil wateroverlast kunnen voorspellen image.jpg","1,165","Page Image",,,,,,,,,,,,,,,,,,,,,,,,,,,,
"Draaiboek:Ik wil weten wat de impact van repair cafés/digitale tools is op elektrisch & elektronisch afval","1,519",Draaiboek,,,,,,,,,VITO,,,,,,,,,,"VlocaTraject:Circulaire economie",,,,,,,,,
"Indian Urban Data Exchange (IUDX)",324,Organisatie,,,,,,,,,,,,,,,,,,Https://iudx.org.in/,,,,,,,,,,
ArchitectuurComponent:InfluxDB,974,ArchitectuurComponent,,,,,,,,,,,,,,,,,,,,,,,,,,,,
Informatie-architectuur,708,TermenConcepten,,,,,,,,,,,,,,,,,,,,,,,,,,,,
Deliverable:Informatienoden,"1,391",Deliverable,,,,,,,,,,,,,,,,,,,,,,,,,,,,
Infrastructure,"1,106",TermenConcepten,,,,,,,,,,,,,,,,,,,,,,,,,,,,
"CoCreatieAanvraag:Internet of Water","1,050",CoCreatieAanvraag,,,,,,,,,VITO,,,,"Smart Environment",,,,,,"VlocaTraject:Leefomgeving- Water in de Stad",,,,,,,,,
"VlocaTraject:Internet of Water","1,265",VlocaTraject,,Ondersteuning,,,,,,,,,,,"Smart Government,Smart Environment",,,,,,,,,,,,,,,
Interoperabiliteit,249,TermenConcepten,,,,,,,,,,,,,,,,,,,,,,,,,,,,
"Interoperable Europe","1,214",Initiatief,,,,,,,,,,,,,,,,,,,,,,,,,,,,
IoT,224,TermenConcepten,,,,,,,,,,,,,,,,,,,,,,,,,,,,
"ArchitectuurComponent:IoT agent","1,044",ArchitectuurComponent,,,,,,,,,,,,,,,,,,,,,,,,,,,,
"IoT gestuurde mobipunten – Aalst (mobiliteit)","1,684",Initiatief,,,,,,,,,Aalst,,,,,,,,,,,,,,,,,,,
"CoCreatieAanvraag:Iot-gestuurde mobipunten","1,051",CoCreatieAanvraag,,,,,,,,,,,,,"Smart Mobility",,,,,,"VlocaTraject:Combimobiliteit- Hoppin punten",,,,,,,,,
"VlocaTraject:Iot-gestuurde mobipunten","1,264",VlocaTraject,,Ondersteuning,,,,,,,,,,,"Smart Mobility",,,,,,,,,,,,,,,
JSON-LD,725,TermenConcepten,,,,,,,,,,,,,,,,,,,,,,,,,,,,
"Japan Cross-Ministerial IPP",437,Organisatie,,,,,,,,,,,,,,,,,,Https://www8.cao.go.jp/cstp/stmain/20200318siparchitecture.html,,,,,,,,,,
"Kenniscentrum Vlaamse Steden","1,590",Organisatie,,,,,,,,,,,,,,,,,,Http://www.kenniscentrumvlaamsesteden.be/Paginas/home.aspx,,,,,,,,,,
"Draaiboek:Keuze van database","1,073",Draaiboek,,,,,,,,,,,,,"Smart Environment",,,,,,"VlocaTraject:Leefomgeving- Water in de Stad",,,,,,,,,
"Knowledge graph",264,TermenConcepten,,,,,,,,,,,,,,,,,,,,,,,,,,,,
"VlocaTraject talk:Koppeling IoT-peilsensordata naar andere IoT- stacks",346,Page,,,,,,,,,,,,,,,,,,,,,,,,,,,,
"VlocaTraject:Koppeling IoT-peilsensordata naar andere IoT- stacks","1,263",VlocaTraject,,Ondersteuning,,,,,,,"IMEC,VITO,VMM",,,,"Smart Environment",,,,,,,,,,,,,,,
"CoCreatieAanvraag:Koppeling IoT-peilsensordata naar andere IoT- stacks","1,048",CoCreatieAanvraag,,,,,,,,,VMM,,,,"Smart Environment",,,,,,,,,,,,,,,
LDES,705,Standaard,,,,,,,,,,,,,,,,,,,,,,,,,,,,
"LUCA school of Arts","1,175",Organisatie,,,,,,,,,,,,,,,,,,,,,,,,,,,,
"VlocaTraject:Leefomgeving- Water in de Stad",992,VlocaTraject,,Traject,,"2020,2021",,,,,"ABB,VITO",,,"In co-creatie","Smart Environment",,,,,,,,,,,,,,,
"File:Leefomgeving- Water in de Stad image.png","1,179","Page Image",,,,,,,,,,,,,,,,,,,,,,,,,,,,
Legacy,461,TermenConcepten,,,,,,,,,,,,,,,,,,,,,,,,,,,,
"Linked open data",440,TermenConcepten,,,,,,,,,,,,,,,,,,,,,,,,,,,,
Living-in.eu,485,Initiatief,,,,,,,,,,,,,,,,,,Http://living-in.eu/,,,,,,,,,,
LoRaWAN,607,TermenConcepten,,,,,,,,,,,,,,,,,,,,,,,,,,,,
"VlocaTraject:Local Digital Twin","1,112",VlocaTraject,,Traject,,2022,,,,Overheden,"ABB,IMEC",,,"In co-creatie","Smart Government",,,"DUET,Living-in.eu,Open Data Institute",,,,,,,,,,,,
"VlocaSessie:Local Digital Twin Workshop 1: Gedeeld referentiekader","1,020",VlocaSessie,,,,,,,,Overheden,"ABB,IMEC",,,,,,,,,,"VlocaTraject:Local Digital Twin","Business werkgroep",,,,,"17 February 2022",,,
"VlocaSessie:Local Digital Twin Workshop 2: Structuur en beheer van data","1,021",VlocaSessie,,,,,,,,Overheden,"ABB,IMEC",,,,,,,,,,"VlocaTraject:Local Digital Twin","Data en informatie werkgroep",,,,,"17 March 2022",,,
"VlocaSessie:Local Digital Twin Workshop 3: Simulaties op basis van modelering","1,022",VlocaSessie,,,,,,,,Overheden,"ABB,IMEC",,,,,,,,,,"VlocaTraject:Local Digital Twin","Functionele werkgroep",,,,,"21 April 2022",,,
"LocusFocus – POM Vlaams-Brabant","1,698",Initiatief,,,,,,,,,"Provincie Vlaams-Brabant",,,,,,,,,,,,,,,,,,,
"Lokaal 3D Project – Provincie Oost-Vlaanderen","1,688",Initiatief,,,,,,,,,"Provincie Oost-Vlaanderen",,,,,,,,,,,,,,,,,,,
"VlocaTraject:Lokaal digitaal ondernemingsloket","1,274",VlocaTraject,,Traject,,2022,,,,,Mechelen,,,"In opstart","Smart Government",,,"Gemeente zonder gemeentehuis",,,,,,,,,,,,
"VlocaTraject:Lokale Open Data Economie (LODE)","1,237",VlocaTraject,,Traject,CoT.2021.001,2022,,,,,"Stad Brugge",,,Lopend,"Smart Economy",,,"City of Things 2021",,Https://www.brugge.be/brugge-en-gent-project-lode,,,,,,,,,,
"Lokale Open Data Economie (LODE) – Brugge","1,699",Initiatief,,,,,,,,,"Stad Brugge",,,,,,,"City of Things 2021",,,,,,,,,,,,
Luchtkwaliteitsmodellen,"1,207",TermenConcepten,,,,,,,,,,,,,,,,,,,,,,,,,,,,
"Luxembourg Institute of Science and Technology","1,134",Organisatie,,,,,,,,,,,,,,,,,,Https://www.list.lu/,,,,,,,,,,
MOW,501,Organisatie,,,,,,,,,,,,,,,,,,Https://www.vlaanderen.be/departement-mobiliteit-en-openbare-werken,,,,,,,,,,
"MaaS Afsprakenkader",715,Organisatie,,,,,,,,,,,,,,,,,,Https://maasafsprakenkader.vlaanderen.be/,,,,,,,,,,
"MaaS Alliance",731,Organisatie,,,,,,,,,,,,,,,,,,Https://maas-alliance.eu/,,,,,,,,,,
"MaaS Operator",729,TermenConcepten,,,,,,,,,,,,,,,,,,,,,,,,,,,,
"VlocaTraject:Maatgerichte implementatie van een document management systeem","1,283",VlocaTraject,,Traject,,2022,,,,,"Stad Gent",,,Geregistreerd,"Smart Government",,,"Gemeente zonder gemeentehuis",,,,,,,,,,,,
"VlocaTraject:Machine Learning as a Service (MLaaS)","1,238",VlocaTraject,,Traject,CoT.2021.006,2022,,,,,"Stad Roeselare",,,Lopend,"Smart Government,Smart Environment",,,"City of Things 2021",,,,,,,,,,,,
"Machine Learning as a Service (MLaaS) – Roeselare","1,703",Initiatief,,,,,,,,,"Stad Roeselare",,,,,,,"City of Things 2021",,,,,,,,,,,,
"Machine readable",556,TermenConcepten,,,,,,,,,,,,,,,,,,,,,,,,,,,,
Deliverable:Marktanalyse,"1,392",Deliverable,,,,,,,,,,,,,,,,,,,,,,,,,,,,
"Marktplaats Smart City - Bonheiden","1,647",Initiatief,,,,,,,,,"Stad Bonheiden",,,,,,,,,,,,,,,,,,,
"ArchitectuurComponent:Message buffer",975,ArchitectuurComponent,,,,,,,,,,,,,,,,,,,,,,,,,,,,
Metadata,716,TermenConcepten,,,,,,,,,,,,,,,,,,,,,,,,,,,,
"Draaiboek:Meting van het waterpeil","1,074",Draaiboek,,,,,,,,,,,,,"Smart Environment",,,,,,"VlocaTraject:Leefomgeving- Water in de Stad",,,,,,,,,
"MoDi:2B - Mobiliteit als een dienst aan burgers via derde-betalersystemen - Leuven","1,654",Initiatief,,,,,,,,,"Stad Leuven",,,,,,,,,,,,,,,,,,,
"VlocaTraject:Mobiele Sensor Units","1,239",VlocaTraject,,Traject,CoT.2021.005,2022,,,,,"Stad Roeselare",,,Lopend,"Smart Government",,,"City of Things 2021",,,,,,,,,,,,
"Mobiele Sensor Units – Roeselare","1,702",Initiatief,,,,,,,,,"Stad Roeselare",,,,,,,"City of Things 2021",,,,,,,,,,,,
"Mobiliteit en Parkeren Antwerpen","1,710",Organisatie,,,,,,,,,,,,,,,,,,,,,,,,,,,,
"VlocaTraject:Mobiliteitsbudget voor burgers","1,766",VlocaTraject,,Traject,CoT.2021.012,"2022,2023",,,,Overheden,"Stad Hasselt,Stad Leuven",,,Lopend,"Smart Mobility",,,"City of Things 2021,Mobiliteitsbudget voor burgers – Hasselt",,,,,,,,,,,,
"File:Mobiliteitsbudget voor burgers image.svg","1,767","Page Image",,,,,,,,,,,,,,,,,,,,,,,,,,,,
"Mobiliteitsbudget voor burgers – Hasselt","1,770",Initiatief,,,,,,,,,"Stad Hasselt,Stad Leuven",,,,"Smart Mobility",,,,,,,,,,,,,,,
Mobiliteitscentrale,727,Organisatie,,,,,,,,,,,,,,,,,,Https://www.vlaanderen.be/basisbereikbaarheid/combimobiliteit/mobiliteitscentrale,,,,,,,,,,
"File:Mobiliteitskrediet voor burgers (MoBurger) image.png","1,469","Page Image",,,,,,,,,,,,,,,,,,,,,,,,,,,,
"Mobiliteitsmanagement met ANPR - Puurs","1,672",Initiatief,,,,,,,,,"Gemeente Puurs-Sint-Amands",,,,,,,,,,,,,,,,,,,
"Mobility as a Service",728,TermenConcepten,,,,,,,,,,,,,,,,,,,,,,,,,,,,
"Mobipunt VZW",517,Organisatie,,,,,,,,,,,,,,,,,,Https://www.mobipunt.be/,,,,,,,,,,
"Modderstroom Monitoring","1,719",Initiatief,,,,,,,,,"Gemeente Zaventem",,,,,,,"City of Things 2022",,,,,,,,,,,,
Monitoring,"1,105",TermenConcepten,,,,,,,,,,,,,,,,,,,,,,,,,,,,
"Monitoring energetische renovaties – Gent (energie)","1,675",Initiatief,,,,,,,,,"Stad Gent",,,,,,,,,,,,,,,,,,,
"VlocaTraject:Monitoring van de Laak","1,262",VlocaTraject,,Ondersteuning,,,,,,,,,,,"Smart Environment",,,"City of Things",,,,,,,,,,,,
"CoCreatieAanvraag:Monitoring van de Laak (VLAIO CoT)","1,052",CoCreatieAanvraag,,,,,,,,,,,,,"Smart Environment",,,,,,"VlocaTraject:Leefomgeving- Water in de Stad",,,,,,,,,
"Monitoring van de Laak – Tremelo (waterbeheer)","1,680",Initiatief,,,,,,,,,"Gemeente Tremelo",,,,,,,,,,,,,,,,,,,
"Move&Shop – Vilvoorde (mobiliteit)","1,686",Initiatief,,,,,,,,,"Stad Vilvoorde",,,,,,,,,,,,,,,,,,,
"Museum of Things for People - Gent","1,661",Initiatief,,,,,,,,,"Stad Gent",,,,,,,,,,,,,,,,,,,
NB-IOT,606,TermenConcepten,,,,,,,,,,,,,,,,,,,,,,,,,,,,
"NEN Open Urban Platform",220,Standaard,,,,,,,,,,,,,,,,,,,,,,,,,,,,
"NGSI (LD)",275,Standaard,,,,,,,,,,,,,,,,,,,,,,,,,,,,
NGSI-v2,258,Standaard,,,,,,,,,,,,,,,,,,,,,,,,,,,,
NMBS,516,Organisatie,,,,,,,,,,,,,,,,,,Https://www.belgiantrain.be/nl,,,,,,,,,,
"VlocaTraject:Nachtlawaai verminderen d.m.v. technologie en nudging","1,226",VlocaTraject,,Voortraject,,2021,,,,,"Stad Leuven",IMEC,,"In co-creatie","Smart People",,,"City of Things",,,,,,,,,,,,
"Nachtlawaai verminderen d.m.v. technologie en nudging – Leuven (geluidsoverlast)","1,673",Initiatief,,,,,,,,,"Stad Leuven",,,,,,,,,,,,,,,,,,,
"National Access Point Personenvervoer",723,TermenConcepten,,,,,,,,,,,,,,,,,,,,,,,,,,,,
"Netwerkregelingen in een stedelijke context – Antwerpen (mobiliteit)","1,674",Initiatief,,,,,,,,,"Stad Antwerpen",,,,,,,,,,,,,,,,,,,
"Network & connectivity","1,107",TermenConcepten,,,,,,,,,,,,,,,,,,,,,,,,,,,,
/1,"1,453",Wiki,,,,,,,,,,,,,,,,,,,,,,,,,,,,
"File:Nieuws 1 image.jpg","1,560","Page Image",,,,,,,,,,,,,,,,,,,,,,,,,,,,
Nieuws/1,"1,558",Nieuws,,,,,,,,,,,,,,,,,,,"VlocaTraject:Local Digital Twin",,,,,Nieuwsbericht,"27 October 2022",,,
Nieuws/2,"1,579",Nieuws,,,,,,,,,,,,,,,,,,,,,,,,Nieuwsbericht,"28 June 2022",,,
Nieuws/3,"1,581",Nieuws,,,,,,,,,,,,,,,,,,,,,,,,Nieuwsbericht,"24 June 2022",,,
Nieuws/4,"1,617",Nieuws,,,,,,,,Overheden,,,,,,,,,,,,,,,,Nieuwsbericht,"30 March 2022",,,
No-sql,451,TermenConcepten,,,,,,,,,,,,,,,,,,,,,,,,,,,,
OASC,497,Organisatie,,,,,,,,,,,,,,,,,,Https://oascities.org/,,,,,,,,,,
"OASC MIMs",457,TermenConcepten,,,,,,,,,,,,,,,,,,,,,,,,,,,,
"OGC API - Features",298,Standaard,,,,,,,,,,,,,,,,,,,,,,,,,,,,
"OGC Catalogue Service",294,Standaard,,,,,,,,,,,,,,,,,,,,,,,,,,,,
"OGC Coordinate Transformation Service",296,Standaard,,,,,,,,,,,,,,,,,,,,,,,,,,,,
"OGC Publish/Subscribe Interface Standard",299,Standaard,,,,,,,,,,,,,,,,,,,,,,,,,,,,
"OGC SensorThings API",304,Standaard,,,,,,,,,,,,,,,,,,,,,,,,,,,,
"OGC WaterML 2",313,Standaard,,,,,,,,,,,,,,,,,,,,,,,,,,,,
OSLO,396,Organisatie,,,,,,,,,,,,,,,,,,Https://www.vlaanderen.be/digitaal-vlaanderen/onze-oplossingen/oslo,,,,,,,,,,
"OSLO - Fietsinfrastructuur",734,TermenConcepten,,,,,,,,,,,,,,,,,,,,,,,,,,,,
"OSLO Mobiliteit - Dienstregeling en Planning",733,TermenConcepten,,,,,,,,,,,,,,,,,,,,,,,,,,,,
"OSLO Openbaar Domein",720,TermenConcepten,,,,,,,,,,,,,,,,,,,,,,,,,,,,
"OSLO Standaarden",721,TermenConcepten,,,,,,,,,,,,,,,,,,,,,,,,,,,,
OSWALD,"1,475",TermenConcepten,,,,,,,,,,,,,,,,,,,,,,,,,,,,
"File:OSWALD 0.zip","1,481",File,,,,,,,,,,,,,,,,,,,,,,,,,,,,
"File:OSWALD 1.zip","1,488",File,,,,,,,,,,,,,,,,,,,,,,,,,,,,
"File:OSWALD 2.zip","1,531",File,,,,,,,,,,,,,,,,,,,,,,,,,,,,
"File:OSWALD 3.zip","1,552",File,,,,,,,,,,,,,,,,,,,,,,,,,,,,
"File:OSWALD 5.zip","1,777",File,,,,,,,,,,,,,,,,,,,,,,,,,,,,
"File:OSWALD image.svg","1,541","Page Image",,,,,,,,,,,,,,,,,,,,,,,,,,,,
"Oases van rust - Dendermonde","1,649",Initiatief,,,,,,,,,"Stad Dendermonde",,,,,,,,,,,,,,,,,,,
"Object Type Library",699,TermenConcepten,,,,,,,,,,,,,,,,,,,,,,,,,,,,
"CoCreatieAanvraag:Online Reserveren en Betalen: type locatie in de stad","1,054",CoCreatieAanvraag,,,,,,,,,,,,,"Smart Governance",,,,,,,,,,,,,,,
"VlocaTraject:Online Reserveren en Betalen: type locatie in de stad","1,261",VlocaTraject,,Ondersteuning,,,,,,,"Stad Gent",,,,"Smart Government,Smart Economy",,,,,,,,,,,,,,,
Ontologie,270,TermenConcepten,,,,,,,,,,,,,,,,,,,,,,,,,,,,
"Open DEI Principles",358,TermenConcepten,,,,,,,,,,,,,,,,,,,,,,,,,,,,
"Open Data",247,TermenConcepten,,,,,,,,,,,,,,,,,,,,,,,,,,,,
"Open Data Institute","1,118",Initiatief,,,,,,,,,,,,,,,,,,Https://theodi.org/,,,,,,,,,,
"Open Geospatial Consortium (OGC)",291,Organisatie,,,,,,,,,,,,,,,,,,Https://www.ogc.org/,,,,,,,,,,
"Open Smart Cities of India (OSCI)",323,Organisatie,,,,,,,,,,,,,,,,,,,,,,,,,,,,
"Open Smart City Architectuur","1,045",TermenConcepten,,,,,,,,,,,,,,,,,,,,,,,,,,,,
"Open Street Map",698,TermenConcepten,,,,,,,,,,,,,,,,,,,,,,,,,,,,
"Open slimme stad",212,TermenConcepten,,,,,,,,,,,,,,,,,,,,,,,,,,,,
"Open software service",799,TermenConcepten,,,,,,,,,,,,,,,,,,,,,,,,,,,,
"Open urban digital twins","1,018",TermenConcepten,"Open urban digital twins",,,,,,,,,,,,,,,,,,,,,,,,,,,
"OpenDEI 6C",357,TermenConcepten,,,,,,,,,,,,,,,,,,,,,,,,,,,,
OpenDei,222,Initiatief,,,,,,,,,,,,,,,,,,,,,,,,,,,,
"Deliverable:Oproep tot deelname","1,393",Deliverable,,,,,,,,,,,,,,,,,,,,,,,,,,,,
"Deliverable:Opstart werkgroep beheer architectuur van de use case","1,394",Deliverable,,,,,,,,,,,,,,,,,,,,,,,,,,,,
PILL,"1,116",Initiatief,,,,,,,,,,,,,,,,,,Https://www.imec-int.com/en/pill,,,,,,,,,,
PRECINCT,"1,115",Initiatief,,,,,,,,,,,,,,,,,,Https://www.precinct.info/en,,,,,,,,,,
CoCreatieAanvraag:PROBE,"1,056",CoCreatieAanvraag,,,,,,,,,"Stad Gent",,,,"Smart Governance",,,,,,,,,,,,,,,
VlocaTraject:PROBE,"1,260",VlocaTraject,,Ondersteuning,,,,,,,"Stad Gent",,,,"Smart Government",,,,,,,,,,,,,,,
PROVANT,"1,030",Organisatie,,,,,,,,,,,,,,,,,,,,,,,,,,,,
PWC,511,Organisatie,,,,,,,,,,,,,,,,,,Https://www.pwc.be/,,,,,,,,,,
"ArchitectuurBouwlaag:Personal Data",956,ArchitectuurBouwlaag,,,,,,,,,,,,,,,,,,,,,,,,,,,,
PostGIS,584,TermenConcepten,,,,,,,,,,,,,,,,,,,,,,,,,,,,
ArchitectuurComponent:Postgres,976,ArchitectuurComponent,,,,,,,,,,,,,,,,,,,,,,,,,,,,
"VlocaTraject:Preventieve gezondheidszorg: persoonlijke gezondheidsdata en lokale overheden","1,606",VlocaTraject,,Voortraject,,"2022,2023",,,,,,,,Lopend,"Smart People",,,,,,,,,,,,,,,
"Privacy by design",718,TermenConcepten,,,,,,,,,,,,,,,,,,,,,,,,,,,,
"CoCreatieAanvraag:Proactive Flooding Detection","1,055",CoCreatieAanvraag,,,,,,,,,,,,,"Smart Environment",,,,,,"VlocaTraject:Leefomgeving- Water in de Stad",,,,,,,,,
"VlocaTraject:Proactive Flooding Detection","1,259",VlocaTraject,,Ondersteuning,,2019,,,,,"Stad Antwerpen",,,,"Smart Government,Smart Environment",,,,,Https://www.imeccityofthings.be/en/projects/flooding-predicting-flood-levels,,,,,,,,,,
"Proactive Openbaarheid van Bestuur als Linked Open Data – Gent (bestuur)","1,685",Initiatief,,,,,,,,,"Stad Gent",,,,,,,,,,,,,,,,,,,
"Proefstation voor Groententeelt","1,032",Organisatie,,,,,,,,,,,,,,,,,,Https://www.proefstation.be/,,,,,,,,,,
"Provincie Antwerpen","1,177",Organisatie,,,,,,,,,,,,,,,,,,,,,,,,,,,,
"Provincie Oost-Vlaanderen","1,533",Organisatie,,,,,,,,,,,,,,,,,,,,,,,,,,,,
"Provincie Vlaams-Brabant","1,697",Organisatie,,,,,,,,,,,,,,,,,,,,,,,,,,,,
"Provincie West-Vlaanderen","1,693",Organisatie,,,,,,,,,,,,,,,,,,,,,,,,,,,,
Pub-sub,562,TermenConcepten,,,,,,,,,,,,,,,,,,,,,,,,,,,,
"Public infrastructures and urban equipment","1,199",TermenConcepten,,,,,,,,,,,,,,,,,,,,,,,,,,,,
QUARK,"1,212",TermenConcepten,,,,,,,,,,,,,,,,,,,,,,,,,,,,
REST-API,229,TermenConcepten,,,,,,,,,,,,,,,,,,,,,,,,,,,,
REVOLT,"1,722",Initiatief,,,,,,,,,"Stad Roeselare",,,,,,,,,,,,,,,,,,,
"File:REVOLT image.png","1,782","Page Image",,,,,,,,,,,,,,,,,,,,,,,,,,,,
CoCreatieAanvraag:Rainbrain,"1,057",CoCreatieAanvraag,,,,,,,,,,,,,"Smart Environment",,,,,,"VlocaTraject:Leefomgeving- Water in de Stad",,,,,,,,,
VlocaTraject:Rainbrain,"1,258",VlocaTraject,,Ondersteuning,,"2019,2020,2021,2022,2023",,,,,"Stad Roeselare",,,,"Smart Government,Smart Environment",,,,,,,,,,,,,,,
"Rainbrain – Roeselare (waterbeheer)","1,682",Initiatief,,,,,,,,,"Stad Roeselare",,,,,,,,,,,,,,,,,,,
Randvoorwaarden,"1,109",TermenConcepten,,,,,,,,,,,,,,,,,,,,,,,,,,,,
"Referentie ""start"" blauwdruk",217,TermenConcepten,,,,,,,,,,,,,,,,,,,,,,,,,,,,
"Referentiearchitectuur beschrijving","1,638",TermenConcepten,,,,,,,,,,,,,,,,,,,,,,,,,,,,
"VlocaTraject:Regionaal plugable incentiveringsplatform","1,240",VlocaTraject,,Traject,CoT.2021.003,2022,,,,,"Stad Geel",,,"In opstart","Smart Economy,Smart Living",,,"City of Things 2021,Regionaal plugable incentiveringsplatform – Geel",,,,,,,,,,,,
"Regionaal plugable incentiveringsplatform – Geel","1,700",Initiatief,,,,,,,,,"Stad Geel,IOK",,,,,,,,,,,,,,,,,,,
Relational-database,452,TermenConcepten,,,,,,,,,,,,,,,,,,,,,,,,,,,,
"SHOK – Slimme Handel en events met Openbare Kasten","1,711",Initiatief,,,,,,,,,"Stad Antwerpen",,,,,,,"City of Things 2022",,,,,,,,,,,,
"SIncR - SustainableInsights for Cities & Retailers","1,712",Initiatief,,,,,,,,,Mechelen,,,,,,,"City of Things 2022",,,,,,,,,,,,
"SKR- Zweedse Vereniging van Lokale Overheden en Regios",482,Organisatie,,,,,,,,,,,,,,,,,,,,,,,,,,,,
SOLID,490,TermenConcepten,,,,,,,,,,,,,,,,,,,,,,,,,,,,
SOLVA,499,Organisatie,,,,,,,,,,,,,,,,,,Https://www.old.so-lva.be/index.html,,,,,,,,,,
STOP-principe,732,TermenConcepten,,,,,,,,,,,,,,,,,,,,,,,,,,,,
"SWE Common Data Model Encoding Standard",300,Standaard,,,,,,,,,,,,,,,,,,,,,,,,,,,,
"SWE Service Model Implementation Standard",301,Standaard,,,,,,,,,,,,,,,,,,,,,,,,,,,,
Security,"1,104",TermenConcepten,,,,,,,,,,,,,,,,,,,,,,,,,,,,
"ArchitectuurBouwlaag:Segment Broker",960,ArchitectuurBouwlaag,,,,,,,,,,,,,,,,,,,,,,,,,,,,
"ArchitectuurBouwlaag:Segment Capture",963,ArchitectuurBouwlaag,,,,,,,,,,,,,,,,,,,,,,,,,,,,
"ArchitectuurBouwlaag:Segment Compute",958,ArchitectuurBouwlaag,,,,,,,,,,,,,,,,,,,,,,,,,,,,
"ArchitectuurBouwlaag:Segment Federation",961,ArchitectuurBouwlaag,,,,,,,,,,,,,,,,,,,,,,,,,,,,
"ArchitectuurBouwlaag:Segment IAM",955,ArchitectuurBouwlaag,,,,,,,,,,,,,,,,,,,,,,,,,,,,
"ArchitectuurBouwlaag:Segment Personal Data",964,ArchitectuurBouwlaag,,,,,,,,,,,,,,,,,,,,,,,,,,,,
"ArchitectuurBouwlaag:Segment Process&Transform",957,ArchitectuurBouwlaag,,,,,,,,,,,,,,,,,,,,,,,,,,,,
"ArchitectuurBouwlaag:Segment Service",959,ArchitectuurBouwlaag,,,,,,,,,,,,,,,,,,,,,,,,,,,,
"ArchitectuurBouwlaag:Segment Storage&Logistics",954,ArchitectuurBouwlaag,,,,,,,,,,,,,,,,,,,,,,,,,,,,
"Semantic Sensor Network (SSN) Ontology",305,Standaard,,,,,,,,,,,,,,,,,,,,,,,,,,,,
"Semantic annotations",329,TermenConcepten,,,,,,,,,,,,,,,,,,,,,,,,,,,,
Semantics,"1,075",TermenConcepten,,,,,,,,,,GAIA-X,,,,,,,,,,,,,,,,,,
"Semantische Interoperabiliteit",269,TermenConcepten,,,,,,,,,,,,,,,,,,,,,,,,,,,,
"Semantische annotaties",260,TermenConcepten,,,,,,,,,,,,,,,,,,,,,,,,,,,,
"ArchitectuurComponent:Semi structured data",977,ArchitectuurComponent,,,,,,,,,,,,,,,,,,,,,,,,,,,,
"Sensoc – Gent (veiligheid)","1,683",Initiatief,,,,,,,,,"Stad Gent",,,,,,,,,,,,,,,,,,,
ArchitectuurComponent:Sensor,978,ArchitectuurComponent,,,,,,,,,,,,,,,,,,,,,,,,,,,,
"Sensor Model Language (SensorML)",302,Standaard,,,,,,,,,,,,,,,,,,,,,,,,,,,,
"Sensor Observation Service",259,Standaard,,,,,,,,,,,,,,,,,,,,,,,,,,,,
"Sensor Planning Service (SPS)",303,Standaard,,,,,,,,,,,,,,,,,,,,,,,,,,,,
Sensordata,"1,634",TermenConcepten,,,,,,,,,,,,,,,,,,,,,,,,,,,,
VlocaTraject:Sensorhotels,"1,250",VlocaTraject,,Ondersteuning,,,,,,,,,,,,,,,,,,,,,,,,,,
"Service Level Agreement (SLA)",738,TermenConcepten,,,,,,,,,,,,,,,,,,,,,,,,,,,,
